familyid,memberid,status,timestamp,original_member
38353556,173932466,Removed,2025-07-06T13:59:12.683260,173933104
38353556,173933104,Removed,2025-07-06T13:59:17.547861,173933286
38353556,173933286,Removed,2025-07-06T13:59:22.589324,173933104
38354320,173934818,Removed,2025-07-06T13:59:35.870593,173935088
38354320,173935088,Removed,2025-07-06T13:59:43.957130,173934818
38354854,173936375,Removed,2025-07-06T13:59:49.387956,173936658
38354854,173936658,Removed,2025-07-06T13:59:54.283737,173936884
38354854,173936884,Removed,2025-07-06T13:59:57.754372,173936658
38357889,173945673,Removed,2025-07-06T14:00:01.213167,173946005
38357889,173946005,Removed,2025-07-06T14:00:05.177383,173946259
38357889,173946259,Removed,2025-07-06T14:00:09.618814,173946522
38357889,173946522,Removed,2025-07-06T14:00:13.507199,173946259
38360678,173954043,Removed,2025-07-06T14:00:17.856786,173954800
38360678,173954800,Removed,2025-07-06T14:00:21.295325,173954043
38360711,173954814,Removed,2025-07-06T14:00:25.035653,173954411
38360711,173954411,Removed,2025-07-06T14:00:28.736021,173954814
38362632,173959666,Removed,2025-07-06T14:00:33.044788,173959907
38362632,173959907,Removed,2025-07-06T14:00:37.512817,173959666
38367580,197525897,Removed,2025-07-06T14:00:41.864718,197526275
38367580,197526275,Removed,2025-07-06T14:00:46.154627,197527140
38367580,197527140,Removed,2025-07-06T14:00:49.528207,197527174
38367580,197527174,Removed,2025-07-06T14:00:53.685096,197527386
38367580,197527386,Removed,2025-07-06T14:00:58.061727,197550484
38367580,197550484,Removed,2025-07-06T14:01:02.361267,197527386
38369505,173980627,Removed,2025-07-06T14:01:07.262122,195397024
38369505,195397024,Removed,2025-07-06T14:01:10.826807,195397127
38369505,195397127,Removed,2025-07-06T14:01:15.461954,195397338
38369505,195397338,Removed,2025-07-06T14:01:19.037064,195373619
38369505,195373619,Removed,2025-07-06T14:01:23.279575,195397338
38373857,174009622,Removed,2025-07-06T14:01:27.730312,195352644
38373857,195352644,Removed,2025-07-06T14:01:31.090217,195352692
38373857,195352692,Removed,2025-07-06T14:01:35.503890,195352784
38373857,195352784,Removed,2025-07-06T14:01:39.583733,195352692
38374754,174010899,Removed,2025-07-06T14:01:43.168349,196461039
38374754,196461039,Removed,2025-07-06T14:01:57.426467,196461061
38374754,196461061,Removed,2025-07-06T14:02:03.208860,196461039
38379084,194675375,Removed,2025-07-06T14:02:08.741374,310513792
38379084,310513792,Removed,2025-07-06T14:02:15.018738,194675375
38380213,174014243,Removed,2025-07-06T14:02:20.834909,174014386
38380213,174014386,Removed,2025-07-06T14:02:27.201610,313490036
38380213,313490036,Removed,2025-07-06T14:02:32.937791,174014386
38382639,174021894,Removed,2025-07-06T14:02:39.882223,174022042
38382639,174022042,Removed,2025-07-06T14:02:45.622788,174022171
38382639,174022171,Removed,2025-07-06T14:02:50.169176,174022042
38389771,174045789,Removed,2025-07-06T14:02:56.368373,174046718
38389771,174046718,Removed,2025-07-06T14:03:04.064767,174047057
38389771,174047057,Removed,2025-07-06T14:03:09.401065,174046718
38398156,174066544,Removed,2025-07-06T14:03:14.732155,174066758
38398156,174066758,Removed,2025-07-06T14:03:19.545676,174066896
38398156,174066896,Removed,2025-07-06T14:03:23.967060,174067107
38398156,174067107,Removed,2025-07-06T14:03:28.971497,174067277
38398156,174067277,Removed,2025-07-06T14:03:34.202984,174067107
38399266,174069886,Removed,2025-07-06T14:03:38.542111,174070163
38399266,174070163,Removed,2025-07-06T14:03:42.827909,174069886
38405913,174090691,Removed,2025-07-06T14:03:48.032182,174091035
38405913,174091035,Removed,2025-07-06T14:03:56.575593,174090691
38406809,174093383,Removed,2025-07-06T14:04:00.717623,174093792
38406809,174093792,Removed,2025-07-06T14:04:04.866983,174093383
38413980,174116760,Removed,2025-07-06T14:04:09.897374,174116914
38413980,174116914,Removed,2025-07-06T14:04:13.879845,174116760
38417630,174130192,Removed,2025-07-06T14:04:18.277873,174130387
38417630,174130387,Removed,2025-07-06T14:04:22.424278,174130192
38421944,306243977,Removed,2025-07-06T14:05:07.498370,306243995
38421944,306243995,Removed,2025-07-06T14:05:23.697908,306243977
38427501,174162354,Removed,2025-07-06T14:05:40.823594,174162413
38427501,174162413,Removed,2025-07-06T14:05:44.881450,174162474
38427501,174162474,Removed,2025-07-06T14:05:50.489680,174162567
38427501,174162567,Removed,2025-07-06T14:05:56.316121,174162650
38427501,174162650,Removed,2025-07-06T14:05:59.502827,174162886
38427501,174162886,Removed,2025-07-06T14:06:03.647858,174162650
38427540,174162967,Removed,2025-07-06T14:06:07.713045,174162787
38427540,174162787,Removed,2025-07-06T14:06:54.135845,174162967
38429809,174176773,Removed,2025-07-06T14:07:18.774562,174177102
38429809,174177102,Removed,2025-07-06T14:07:22.695804,174176773
38430647,310831120,Removed,2025-07-06T14:08:02.370577,310831122
38430647,310831122,Removed,2025-07-06T14:08:25.127905,310831161
38430647,310831161,Removed,2025-07-06T14:08:35.850047,310831162
38430647,310831162,Removed,2025-07-06T14:08:41.864112,310831163
38430647,310831163,Removed,2025-07-06T14:08:47.818494,310831164
38430647,310831164,Removed,2025-07-06T14:08:54.389935,310831165
38430647,310831165,Removed,2025-07-06T14:08:58.905296,310831164
38432474,174178837,Removed,2025-07-06T14:09:03.378681,174179259
38432474,174179259,Removed,2025-07-06T14:09:27.619765,174179604
38432474,174179604,Removed,2025-07-06T14:09:31.526440,174179823
38432474,174179823,Removed,2025-07-06T14:09:35.425907,174180412
38432474,174180412,Removed,2025-07-06T14:09:39.096374,174179823
38435086,174186463,Removed,2025-07-06T14:09:43.106113,174186746
38435086,174186746,Removed,2025-07-06T14:09:46.208587,174186463
38437189,174193032,Removed,2025-07-06T14:09:52.584344,174193267
38437189,174193267,Removed,2025-07-06T14:09:56.016538,174193541
38437189,174193541,Removed,2025-07-06T14:10:23.834251,174193267
38439788,174200535,Removed,2025-07-06T14:10:42.967756,174200729
38439788,174200729,Removed,2025-07-06T14:10:46.577770,199702604
38439788,199702604,Removed,2025-07-06T14:10:50.886732,174200729
38491231,174356723,Removed,2025-07-06T14:10:55.282622,197241583
38491231,197241583,Removed,2025-07-06T14:10:59.295248,174356723
38491572,174357741,Removed,2025-07-06T14:11:08.298552,174357888
38491572,174357888,Removed,2025-07-06T14:11:29.932984,174357741
38491605,308414893,Removed,2025-07-06T14:12:23.221543,174357812
38492648,174360940,Removed,2025-07-06T14:12:29.102813,195632131
38492648,195632131,Removed,2025-07-06T14:12:34.231321,174360940
38493120,196978628,Removed,2025-07-06T14:12:38.128067,196978632
38493120,196978632,Removed,2025-07-06T14:13:33.634028,196978638
38493120,196978638,Removed,2025-07-06T14:14:30.075104,313849036
38493120,313849036,Removed,2025-07-06T14:14:38.318900,196978638
38500251,198689603,Removed,2025-07-06T14:14:43.052328,198689608
38500251,198689608,Removed,2025-07-06T14:14:47.079507,198689603
38500413,199305732,Removed,2025-07-06T14:14:50.738192,199305737
38500413,199305737,Removed,2025-07-06T14:14:54.226790,199305741
38500413,199305741,Removed,2025-07-06T14:14:57.331414,199305737
38500818,300059741,Removed,2025-07-06T14:15:02.729245,313368196
38500818,313368196,Removed,2025-07-06T14:15:06.151573,300059741
38501765,302364603,Removed,2025-07-06T14:15:09.102893,302364871
38501765,302364871,Removed,2025-07-06T14:15:16.628975,302363782
38501765,302363782,Removed,2025-07-06T14:15:20.435777,302364871
38521026,174677832,Removed,2025-07-06T14:15:25.458520,195351680
38521026,195351680,Removed,2025-07-06T14:15:28.579899,195351738
38521026,195351738,Removed,2025-07-06T14:15:32.051850,195351791
38521026,195351791,Removed,2025-07-06T14:15:34.768782,195351854
38521026,195351854,Removed,2025-07-06T14:15:37.419086,195351915
38521026,195351915,Removed,2025-07-06T14:15:41.667738,195351854
38522038,199531795,Removed,2025-07-06T14:15:45.486804,195351498
38522038,195351498,Removed,2025-07-06T14:15:48.963372,195351550
38522038,195351550,Removed,2025-07-06T14:15:52.112960,195351593
38522038,195351593,Removed,2025-07-06T14:15:54.669051,195351550
38523851,174672342,Removed,2025-07-06T14:15:58.040924,194861966
38523851,194861966,Removed,2025-07-06T14:16:01.261066,194862024
38523851,194862024,Removed,2025-07-06T14:16:04.545752,194862174
38523851,194862174,Removed,2025-07-06T14:16:07.850526,194862465
38523851,194862465,Removed,2025-07-06T14:16:11.665593,194862579
38523851,194862579,Removed,2025-07-06T14:16:15.318599,194862595
38523851,194862595,Removed,2025-07-06T14:16:22.189717,194862953
38523851,194862953,Removed,2025-07-06T14:16:26.440007,194862595
38525661,174593864,Removed,2025-07-06T14:16:34.010726,197211783
38525661,197211783,Removed,2025-07-06T14:16:39.708927,197211819
38525661,197211819,Removed,2025-07-06T14:16:43.742289,197211853
38525661,197211853,Removed,2025-07-06T14:16:47.051152,197211819
38526212,175059808,Removed,2025-07-06T14:16:52.586392,300352110
38526212,300352110,Removed,2025-07-06T14:16:56.955450,300352121
38526212,300352121,Removed,2025-07-06T14:17:01.417746,300352141
38526212,300352141,Removed,2025-07-06T14:17:04.905216,300352191
38526212,300352191,Removed,2025-07-06T14:17:09.091456,300352458
38526212,300352458,Removed,2025-07-06T14:17:14.534073,300352191
38526403,175062145,Removed,2025-07-06T14:17:20.109060,197535562
38526403,197535562,Removed,2025-07-06T14:17:24.282311,197490363
38526403,197490363,Removed,2025-07-06T14:17:29.364470,197490386
38526403,197490386,Removed,2025-07-06T14:17:33.448727,197490363
38529154,174596737,Removed,2025-07-06T14:17:38.582756,307265517
38529154,307265517,Removed,2025-07-06T14:17:43.239457,174596737
38530476,174598234,Removed,2025-07-06T14:17:49.110234,195057115
38530476,195057115,Removed,2025-07-06T14:17:54.544326,195057135
38530476,195057135,Removed,2025-07-06T14:17:58.430800,195057154
38530476,195057154,Removed,2025-07-06T14:18:01.515247,195057135
38532339,174483802,Removed,2025-07-06T14:18:05.047123,174484713
38532339,174484713,Removed,2025-07-06T14:18:08.477052,174485129
38532339,174485129,Removed,2025-07-06T14:18:14.479381,174484713
38533505,174487315,Removed,2025-07-06T14:18:18.903607,195357848
38533505,195357848,Removed,2025-07-06T14:18:22.897574,195357907
38533505,195357907,Removed,2025-07-06T14:18:26.368281,195357937
38533505,195357937,Removed,2025-07-06T14:18:30.230507,195357907
38533877,174590627,Removed,2025-07-06T14:18:33.548829,199279493
38533877,199279493,Removed,2025-07-06T14:18:38.328633,199531803
38533877,199531803,Removed,2025-07-06T14:18:41.964911,199531804
38533877,199531804,Removed,2025-07-06T14:18:45.964220,199531803
38533956,189364699,Removed,2025-07-06T14:18:50.267902,174488642
38533956,174488642,Removed,2025-07-06T14:18:55.080875,195314686
38533956,195314686,Removed,2025-07-06T14:19:02.109641,195314779
38533956,195314779,Removed,2025-07-06T14:19:06.040952,195314870
38533956,195314870,Removed,2025-07-06T14:19:11.982426,195315008
38533956,195315008,Removed,2025-07-06T14:19:18.044604,195315123
38533956,195315123,Removed,2025-07-06T14:19:22.315231,195315008
38535519,174492480,Removed,2025-07-06T14:19:26.804386,195371113
38535519,195371113,Removed,2025-07-06T14:19:31.554578,195371817
38535519,195371817,Removed,2025-07-06T14:19:34.964190,195371985
38535519,195371985,Removed,2025-07-06T14:19:39.380274,195371817
38535716,174492976,Removed,2025-07-06T14:19:43.330493,174493016
38535716,174493016,Removed,2025-07-06T14:19:47.363649,174492976
38536738,174495223,Removed,2025-07-06T14:19:52.017314,200101711
38536738,200101711,Removed,2025-07-06T14:19:55.712754,195370373
38536738,195370373,Removed,2025-07-06T14:19:58.945874,195370471
38536738,195370471,Removed,2025-07-06T14:20:02.163136,195370746
38536738,195370746,Removed,2025-07-06T14:20:05.536631,195370471
38536938,174495648,Removed,2025-07-06T14:20:10.336774,300913626
38536938,300913626,Removed,2025-07-06T14:20:16.296252,300913638
38536938,300913638,Removed,2025-07-06T14:20:20.259278,300913647
38536938,300913647,Removed,2025-07-06T14:20:24.261331,300913653
38536938,300913653,Removed,2025-07-06T14:20:28.227338,300913647
38537154,174496193,Removed,2025-07-06T14:20:32.644467,199997608
38537154,199997608,Removed,2025-07-06T14:20:36.706467,174496193
38537168,174496224,Removed,2025-07-06T14:20:39.795392,195350845
38537168,195350845,Removed,2025-07-06T14:20:43.501965,194843588
38537168,194843588,Removed,2025-07-06T14:20:48.690050,195350845
38537178,189004902,Removed,2025-07-06T14:20:52.729038,174496260
38537178,174496260,Removed,2025-07-06T14:20:58.018525,189004902
38537402,174496893,Removed,2025-07-06T14:21:02.346458,199810743
38537402,199810743,Removed,2025-07-06T14:21:06.010917,199810747
38537402,199810747,Removed,2025-07-06T14:21:12.066538,199810743
38537828,174498013,Removed,2025-07-06T14:21:18.528581,174498075
38537828,174498075,Removed,2025-07-06T14:21:23.043154,174498013
38537989,174498421,Removed,2025-07-06T14:21:35.471295,174498447
38537989,174498447,Removed,2025-07-06T14:21:39.675114,174498421
38538051,174498594,Removed,2025-07-06T14:21:50.943155,195350906
38538051,195350906,Removed,2025-07-06T14:21:54.402115,195350972
38538051,195350972,Removed,2025-07-06T14:21:58.713898,195351341
38538051,195351341,Removed,2025-07-06T14:22:02.610480,195350972
38538064,174498668,Removed,2025-07-06T14:22:05.994523,174498756
38538064,174498756,Removed,2025-07-06T14:22:10.768064,174498668
38538075,174498777,Removed,2025-07-06T14:22:16.397734,174498637
38538075,174498637,Removed,2025-07-06T14:22:20.771515,174498777
38538225,194687081,Removed,2025-07-06T14:22:24.727590,194687160
38538225,194687160,Removed,2025-07-06T14:22:29.943900,194687081
38539241,190345551,Removed,2025-07-06T14:22:34.460629,190345569
38539241,190345569,Removed,2025-07-06T14:22:39.166435,190345585
38539241,190345585,Removed,2025-07-06T14:22:42.608114,174502000
38539241,174502000,Removed,2025-07-06T14:22:47.302283,199271966
38539241,199271966,Removed,2025-07-06T14:22:51.665264,174502000
38539274,190345611,Removed,2025-07-06T14:22:55.126283,190345625
38539274,190345625,Removed,2025-07-06T14:22:57.925252,190345643
38539274,190345643,Removed,2025-07-06T14:23:01.126826,190345663
38539274,190345663,Removed,2025-07-06T14:23:04.174094,174502087
38539274,174502087,Removed,2025-07-06T14:23:07.974707,190345663
38539638,190335184,Removed,2025-07-06T14:23:12.494692,190335258
38539638,190335258,Removed,2025-07-06T14:23:16.573689,190335299
38539638,190335299,Removed,2025-07-06T14:23:19.461194,190335361
38539638,190335361,Removed,2025-07-06T14:23:23.720351,174503114
38539638,174503114,Removed,2025-07-06T14:23:27.758147,199272012
38539638,199272012,Removed,2025-07-06T14:23:32.671018,174503114
38540742,174506188,Removed,2025-07-06T14:23:35.875430,174506368
38540742,174506368,Removed,2025-07-06T14:23:39.404288,174506188
38541107,174507203,Removed,2025-07-06T14:23:43.022394,174507443
38541107,174507443,Removed,2025-07-06T14:23:46.522886,174507203
38541464,190362656,Removed,2025-07-06T14:23:50.858590,190362722
38541464,190362722,Removed,2025-07-06T14:23:53.956437,190362829
38541464,190362829,Removed,2025-07-06T14:23:57.273297,190363113
38541464,190363113,Removed,2025-07-06T14:24:00.425787,174508322
38541464,174508322,Removed,2025-07-06T14:24:04.258576,190363113
38542976,174512289,Removed,2025-07-06T14:24:07.864848,174512670
38542976,174512670,Removed,2025-07-06T14:24:11.796640,174512289
38543417,174513523,Removed,2025-07-06T14:24:19.989309,174513897
38543417,174513897,Removed,2025-07-06T14:24:23.163161,174513523
38543430,197241604,Removed,2025-07-06T14:24:29.857912,197241698
38543430,197241698,Removed,2025-07-06T14:24:34.022309,197241604
38543907,174514471,Removed,2025-07-06T14:24:38.573608,174515264
38543907,174515264,Removed,2025-07-06T14:24:41.612520,174515634
38543907,174515634,Removed,2025-07-06T14:24:47.898700,174515844
38543907,174515844,Removed,2025-07-06T14:24:52.688844,174516096
38543907,174516096,Removed,2025-07-06T14:24:57.073334,174516301
38543907,174516301,Removed,2025-07-06T14:25:00.287930,174516096
38544399,174516925,Removed,2025-07-06T14:25:04.231774,174517173
38544399,174517173,Removed,2025-07-06T14:25:10.253430,174516925
38544854,174517418,Removed,2025-07-06T14:25:24.292592,174517586
38544854,174517586,Removed,2025-07-06T14:25:30.408841,174517958
38544854,174517958,Removed,2025-07-06T14:25:39.460002,174516905
38544854,174516905,Removed,2025-07-06T14:25:42.521066,174517958
38545448,174519240,Removed,2025-07-06T14:25:45.707147,174519643
38545448,174519643,Removed,2025-07-06T14:25:48.872082,174520190
38545448,174520190,Removed,2025-07-06T14:25:51.875072,174520448
38545448,174520448,Removed,2025-07-06T14:25:55.213802,174520812
38545448,174520812,Removed,2025-07-06T14:26:00.950817,174521253
38545448,174521253,Removed,2025-07-06T14:26:04.971235,174520812
38547653,174525328,Removed,2025-07-06T14:27:47.919525,174525691
38547653,174525691,Removed,2025-07-06T14:27:50.945547,174526057
38547653,174526057,Removed,2025-07-06T14:27:54.185321,174526376
38547653,174526376,Removed,2025-07-06T14:27:56.906253,174526619
38547653,174526619,Removed,2025-07-06T14:27:59.952692,174526376
38548401,180380238,Removed,2025-07-06T14:28:03.705859,180380263
38548401,180380263,Removed,2025-07-06T14:28:06.886151,180380238
38551876,174539116,Removed,2025-07-06T14:28:09.720112,174539457
38551876,174539457,Removed,2025-07-06T14:28:12.560943,174539657
38551876,174539657,Removed,2025-07-06T14:28:16.040229,174540048
38551876,174540048,Removed,2025-07-06T14:28:19.910739,174540249
38551876,174540249,Removed,2025-07-06T14:28:24.317631,174540048
38564352,177359170,Removed,2025-07-06T14:28:28.093217,177359180
38564352,177359180,Removed,2025-07-06T14:28:31.144324,174577771
38564352,174577771,Removed,2025-07-06T14:28:33.956829,177359180
38564788,174579263,Removed,2025-07-06T14:28:36.721819,314817390
38564788,314817390,Removed,2025-07-06T14:28:40.441054,174579263
38576358,174614795,Removed,2025-07-06T14:28:43.970025,174614911
38576358,174614911,Removed,2025-07-06T14:28:47.235664,174615031
38576358,174615031,Removed,2025-07-06T14:28:50.454429,174615123
38576358,174615123,Removed,2025-07-06T14:28:53.545784,174615031
38576591,174616106,Removed,2025-07-06T14:28:56.477175,174616577
38576591,174616577,Removed,2025-07-06T14:28:59.728569,174616106
38576954,174617378,Removed,2025-07-06T14:29:02.965502,174618008
38576954,174618008,Removed,2025-07-06T14:29:06.098660,174618138
38576954,174618138,Removed,2025-07-06T14:29:09.412897,174615969
38576954,174615969,Removed,2025-07-06T14:29:12.282455,174618138
38592847,307041605,Removed,2025-07-06T14:29:15.270315,307041608
38592847,307041608,Removed,2025-07-06T14:29:18.373224,307041614
38592847,307041614,Removed,2025-07-06T14:29:22.426590,307041608
38594021,174676266,Removed,2025-07-06T14:29:25.726480,174676513
38594021,174676513,Removed,2025-07-06T14:29:29.100764,174676680
38594021,174676680,Removed,2025-07-06T14:29:32.458776,174676513
38595667,197585196,Removed,2025-07-06T14:31:04.982996,197585808
38595667,197585808,Removed,2025-07-06T14:31:10.930286,197583840
38595667,197583840,Removed,2025-07-06T14:31:19.859368,197585808
38596508,174683791,Removed,2025-07-06T14:31:23.519074,174683832
38596508,174683832,Removed,2025-07-06T14:31:29.100036,174683861
38596508,174683861,Removed,2025-07-06T14:31:32.567366,174683884
38596508,174683884,Removed,2025-07-06T14:31:48.277200,174683915
38596508,174683915,Removed,2025-07-06T14:31:52.956534,174683884
38596559,200138393,Removed,2025-07-06T14:31:56.882772,200138511
38596559,200138511,Removed,2025-07-06T14:32:01.535540,200138393
38596610,302416900,Removed,2025-07-06T14:32:32.916006,302417232
38596610,302417232,Removed,2025-07-06T14:32:39.978257,302416900
38598749,174690624,Removed,2025-07-06T14:32:44.789134,179541834
38598749,179541834,Removed,2025-07-06T14:32:48.305136,179541882
38598749,179541882,Removed,2025-07-06T14:32:51.759071,300007949
38598749,300007949,Removed,2025-07-06T14:32:57.057587,179541882
38600283,174695492,Removed,2025-07-06T14:33:00.513535,174695629
38600283,174695629,Removed,2025-07-06T14:33:04.745652,174695737
38600283,174695737,Removed,2025-07-06T14:33:10.439688,174695819
38600283,174695819,Removed,2025-07-06T14:33:16.705855,174695948
38600283,174695948,Removed,2025-07-06T14:33:23.207596,194046841
38600283,194046841,Removed,2025-07-06T14:33:28.264130,174695948
38600666,312373471,Removed,2025-07-06T14:33:32.595033,312373472
38600666,312373472,Removed,2025-07-06T14:33:36.364264,312373471
38605513,197963874,Removed,2025-07-06T14:33:41.371788,197963465
38605513,197963465,Removed,2025-07-06T14:33:45.990479,197963874
38606597,174714729,Removed,2025-07-06T14:33:54.319458,174719730
38606597,174719730,Removed,2025-07-06T14:33:59.991662,174720066
38606597,174720066,Removed,2025-07-06T14:34:06.115100,174720383
38606597,174720383,Removed,2025-07-06T14:34:09.948642,174720066
38607108,174716619,Removed,2025-07-06T14:34:13.194651,174716865
38607108,174716865,Removed,2025-07-06T14:34:17.585299,174717177
38607108,174717177,Removed,2025-07-06T14:34:21.595663,174717432
38607108,174717432,Removed,2025-07-06T14:34:26.127809,174717673
38607108,174717673,Removed,2025-07-06T14:34:32.194088,174717812
38607108,174717812,Removed,2025-07-06T14:34:37.604615,174717673
38607763,174718255,Removed,2025-07-06T14:34:42.449200,174722815
38607763,174722815,Removed,2025-07-06T14:34:48.017932,174722955
38607763,174722955,Removed,2025-07-06T14:34:53.535610,174723047
38607763,174723047,Removed,2025-07-06T14:34:59.182395,174723181
38607763,174723181,Removed,2025-07-06T14:35:04.642097,174723047
38609093,143587965,Removed,2025-07-06T14:36:08.694640,192795096
38609093,192795096,Removed,2025-07-06T14:36:18.941912,308143529
38609093,308143529,Removed,2025-07-06T14:36:22.308639,319333305
38609093,319333305,Removed,2025-07-06T14:36:26.323957,308143529
38610623,174726661,Removed,2025-07-06T14:36:29.968211,174726832
38610623,174726832,Removed,2025-07-06T14:36:33.456351,174727212
38610623,174727212,Removed,2025-07-06T14:36:43.817984,174727392
38610623,174727392,Removed,2025-07-06T14:36:47.739156,174727500
38610623,174727500,Removed,2025-07-06T14:36:51.356735,174727704
38610623,174727704,Removed,2025-07-06T14:36:54.407710,174727500
38611046,174728027,Removed,2025-07-06T14:36:57.374659,174728177
38611046,174728177,Removed,2025-07-06T14:37:00.682840,174728027
38611900,174731117,Removed,2025-07-06T14:37:07.165165,174731299
38611900,174731299,Removed,2025-07-06T14:37:14.770321,174731397
38611900,174731397,Removed,2025-07-06T14:37:24.241852,174731488
38611900,174731488,Removed,2025-07-06T14:37:30.312773,174731397
38616623,174745848,Removed,2025-07-06T14:37:37.135648,174745267
38616623,174745267,Removed,2025-07-06T14:37:42.096079,174745848
38617296,174747213,Removed,2025-07-06T14:37:49.079904,174747562
38617296,174747562,Removed,2025-07-06T14:37:54.623488,174747640
38617296,174747640,Removed,2025-07-06T14:38:53.733681,174747562
38617518,174747827,Removed,2025-07-06T14:39:40.903768,174748166
38617518,174748166,Removed,2025-07-06T14:39:46.968540,174748249
38617518,174748249,Removed,2025-07-06T14:39:57.241554,174748349
38617518,174748349,Removed,2025-07-06T14:40:03.760369,174748439
38617518,174748439,Removed,2025-07-06T14:40:07.536923,174748539
38617518,174748539,Removed,2025-07-06T14:40:11.069750,174748439
38619776,174754427,Removed,2025-07-06T14:40:14.951744,174754898
38619776,174754898,Removed,2025-07-06T14:40:18.344777,174822727
38619776,174822727,Removed,2025-07-06T14:40:21.536559,174833473
38619776,174833473,Removed,2025-07-06T14:40:24.608425,174822727
38620096,319972983,Removed,2025-07-06T14:40:47.285928,174755541
38622643,174763699,Removed,2025-07-06T14:40:51.634526,174763793
38622643,174763793,Removed,2025-07-06T14:40:55.481506,174763864
38622643,174763864,Removed,2025-07-06T14:40:59.163338,174763929
38622643,174763929,Removed,2025-07-06T14:41:02.599270,174763974
38622643,174763974,Removed,2025-07-06T14:41:06.203070,174763929
38624695,174770328,Removed,2025-07-06T14:41:10.533747,174770370
38624695,174770370,Removed,2025-07-06T14:41:14.446372,174770390
38624695,174770390,Removed,2025-07-06T14:41:18.786914,174770415
38624695,174770415,Removed,2025-07-06T14:41:21.993090,174770390
38624742,174770484,Removed,2025-07-06T14:41:25.004248,174770523
38624742,174770523,Removed,2025-07-06T14:41:28.984144,174770561
38624742,174770561,Removed,2025-07-06T14:41:32.302516,174770591
38624742,174770591,Removed,2025-07-06T14:41:35.963994,174770627
38624742,174770627,Removed,2025-07-06T14:41:39.469855,174770666
38624742,174770666,Removed,2025-07-06T14:41:42.637321,174770627
38628165,174782083,Removed,2025-07-06T14:41:46.369061,174782540
38628165,174782540,Removed,2025-07-06T14:41:49.352805,174782642
38628165,174782642,Removed,2025-07-06T14:41:52.601885,174782796
38628165,174782796,Removed,2025-07-06T14:41:55.832590,174782642
38630852,174788932,Removed,2025-07-06T14:42:00.264770,174789574
38630852,174789574,Removed,2025-07-06T14:42:03.351276,174788932
38631953,174791647,Removed,2025-07-06T14:42:08.016167,174791916
38631953,174791916,Removed,2025-07-06T14:42:13.033523,174791647
38632380,174792894,Removed,2025-07-06T14:42:16.117753,174793139
38632380,174793139,Removed,2025-07-06T14:42:19.184069,174793520
38632380,174793520,Removed,2025-07-06T14:42:22.685031,174794797
38632380,174794797,Removed,2025-07-06T14:42:26.623807,174795849
38632380,174795849,Removed,2025-07-06T14:42:31.970198,174795943
38632380,174795943,Removed,2025-07-06T14:42:35.565163,174795849
38633885,174797092,Removed,2025-07-06T14:42:39.208265,174797336
38633885,174797336,Removed,2025-07-06T14:42:42.016916,174797458
38633885,174797458,Removed,2025-07-06T14:42:45.462237,174797545
38633885,174797545,Removed,2025-07-06T14:42:48.635543,174797648
38633885,174797648,Removed,2025-07-06T14:42:51.687486,174798653
38633885,174798653,Removed,2025-07-06T14:42:55.266727,174797648
38634590,174799173,Removed,2025-07-06T14:42:58.848455,174799383
38634590,174799383,Removed,2025-07-06T14:43:02.209529,174799173
38636286,174804392,Removed,2025-07-06T14:43:05.967897,174804817
38636286,174804817,Removed,2025-07-06T14:43:09.234349,174804977
38636286,174804977,Removed,2025-07-06T14:43:12.066005,174805157
38636286,174805157,Removed,2025-07-06T14:43:15.163009,174805379
38636286,174805379,Removed,2025-07-06T14:43:18.517434,174805704
38636286,174805704,Removed,2025-07-06T14:43:21.765427,174805379
38637431,174807837,Removed,2025-07-06T14:43:25.159430,174808088
38637431,174808088,Removed,2025-07-06T14:43:29.157820,174808220
38637431,174808220,Removed,2025-07-06T14:43:34.566338,174808342
38637431,174808342,Removed,2025-07-06T14:43:37.903100,174808557
38637431,174808557,Removed,2025-07-06T14:43:41.140714,174808342
38637746,174808749,Removed,2025-07-06T14:43:44.307818,174809131
38637746,174809131,Removed,2025-07-06T14:43:47.482411,174808749
38637893,174809376,Removed,2025-07-06T14:43:50.629224,174809587
38637893,174809587,Removed,2025-07-06T14:43:53.879328,174809376
38639994,174814835,Removed,2025-07-06T14:43:57.480490,174815226
38639994,174815226,Removed,2025-07-06T14:44:00.597271,174815696
38639994,174815696,Removed,2025-07-06T14:44:03.891421,174815226
38640831,174817426,Removed,2025-07-06T14:44:07.700438,174818117
38640831,174818117,Removed,2025-07-06T14:44:10.883153,174817426
38641055,174818375,Removed,2025-07-06T14:44:14.288010,174818725
38641055,174818725,Removed,2025-07-06T14:44:17.390300,174818892
38641055,174818892,Removed,2025-07-06T14:44:21.413542,174818725
38641264,174818571,Removed,2025-07-06T14:44:26.133075,174818747
38641264,174818747,Removed,2025-07-06T14:44:29.315116,174818866
38641264,174818866,Removed,2025-07-06T14:44:32.406578,174819000
38641264,174819000,Removed,2025-07-06T14:44:35.113229,174818866
38641351,174819407,Removed,2025-07-06T14:44:37.848837,174820580
38641351,174820580,Removed,2025-07-06T14:44:41.260337,174819565
38641351,174819565,Removed,2025-07-06T14:44:44.571379,174819924
38641351,174819924,Removed,2025-07-06T14:44:47.663241,174819565
38642296,174821591,Removed,2025-07-06T14:44:51.160671,174821767
38642296,174821767,Removed,2025-07-06T14:44:54.306411,174821924
38642296,174821924,Removed,2025-07-06T14:44:57.147794,174822046
38642296,174822046,Removed,2025-07-06T14:45:00.288070,174822150
38642296,174822150,Removed,2025-07-06T14:45:03.415071,174822046
38643203,174824350,Removed,2025-07-06T14:45:07.415850,174824578
38643203,174824578,Removed,2025-07-06T14:45:10.564749,174824350
38643748,174825865,Removed,2025-07-06T14:45:14.025487,174826132
38643748,174826132,Removed,2025-07-06T14:45:17.828203,174826212
38643748,174826212,Removed,2025-07-06T14:45:21.262609,174826308
38643748,174826308,Removed,2025-07-06T14:45:24.768085,174826397
38643748,174826397,Removed,2025-07-06T14:45:28.128517,174826308
38644091,174826946,Removed,2025-07-06T14:45:30.997332,174827081
38644091,174827081,Removed,2025-07-06T14:45:34.194201,174826946
38644518,174828493,Removed,2025-07-06T14:47:39.765791,174828658
38644518,174828658,Removed,2025-07-06T14:47:45.221049,174828493
38648234,174839443,Removed,2025-07-06T14:49:58.944450,190188120
38648234,190188120,Removed,2025-07-06T14:50:04.269913,190188364
38648234,190188364,Removed,2025-07-06T14:50:09.413155,190188596
38648234,190188596,Removed,2025-07-06T14:50:13.930457,190188364
38650302,182742830,Removed,2025-07-06T14:50:37.205680,182742840
38650302,182742840,Removed,2025-07-06T14:50:40.941570,182742847
38650302,182742847,Removed,2025-07-06T14:50:44.927745,182742840
38656774,174865401,Removed,2025-07-06T14:50:50.241129,174865484
38656774,174865484,Removed,2025-07-06T14:50:53.954187,174865529
38656774,174865529,Removed,2025-07-06T14:50:57.929519,174865571
38656774,174865571,Removed,2025-07-06T14:51:02.908787,174865616
38656774,174865616,Removed,2025-07-06T14:51:06.776696,174865662
38656774,174865662,Removed,2025-07-06T14:51:10.757014,174865616
38657503,174868546,Removed,2025-07-06T14:51:14.897263,174868577
38657503,174868577,Removed,2025-07-06T14:51:19.123063,174868601
38657503,174868601,Removed,2025-07-06T14:51:23.717905,174868625
38657503,174868625,Removed,2025-07-06T14:51:28.302861,174868646
38657503,174868646,Removed,2025-07-06T14:51:35.123544,174868685
38657503,174868685,Removed,2025-07-06T14:51:41.292644,174868646
38660414,174879156,Removed,2025-07-06T14:51:46.267822,174879290
38660414,174879290,Removed,2025-07-06T14:51:50.625323,174879355
38660414,174879355,Removed,2025-07-06T14:51:54.599546,174879444
38660414,174879444,Removed,2025-07-06T14:51:58.721269,174879521
38660414,174879521,Removed,2025-07-06T14:52:43.470328,174879591
38660414,174879591,Removed,2025-07-06T14:52:50.874340,174879521
38660713,174880469,Removed,2025-07-06T14:52:57.553568,174880599
38660713,174880599,Removed,2025-07-06T14:53:01.987744,174880647
38660713,174880647,Removed,2025-07-06T14:53:05.498561,174880719
38660713,174880719,Removed,2025-07-06T14:53:08.935485,174880647
38660995,174880992,Removed,2025-07-06T14:53:12.254278,174881126
38660995,174881126,Removed,2025-07-06T14:53:16.019192,174881196
38660995,174881196,Removed,2025-07-06T14:53:19.324075,174881126
38661231,174881531,Removed,2025-07-06T14:53:23.212056,174881655
38661231,174881655,Removed,2025-07-06T14:53:26.837513,174881729
38661231,174881729,Removed,2025-07-06T14:53:30.483383,174881855
38661231,174881855,Removed,2025-07-06T14:53:33.536702,174881729
38661769,174883110,Removed,2025-07-06T14:53:38.107368,174883258
38661769,174883258,Removed,2025-07-06T14:53:41.695079,174883347
38661769,174883347,Removed,2025-07-06T14:53:45.003888,174883424
38661769,174883424,Removed,2025-07-06T14:53:48.403970,174883546
38661769,174883546,Removed,2025-07-06T14:53:51.665428,174883424
38661990,174883865,Removed,2025-07-06T14:53:55.620617,174883971
38661990,174883971,Removed,2025-07-06T14:53:59.185322,174884090
38661990,174884090,Removed,2025-07-06T14:54:03.074167,174883971
38667264,174898869,Removed,2025-07-06T14:54:07.387008,196292669
38667264,196292669,Removed,2025-07-06T14:54:11.925343,196292691
38667264,196292691,Removed,2025-07-06T14:54:16.152935,196292669
38676446,174922940,Removed,2025-07-06T14:54:20.872353,174923112
38676446,174923112,Removed,2025-07-06T14:54:24.170091,174923182
38676446,174923182,Removed,2025-07-06T14:54:27.895158,174923112
38683015,174942796,Removed,2025-07-06T14:54:32.660892,174943012
38683015,174943012,Removed,2025-07-06T14:54:36.434676,174943133
38683015,174943133,Removed,2025-07-06T14:54:40.977759,174943012
38691494,174971446,Removed,2025-07-06T14:55:40.246670,174971608
38691494,174971608,Removed,2025-07-06T14:56:15.389884,174971446
38691718,174972260,Removed,2025-07-06T14:56:24.971183,174972390
38691718,174972390,Removed,2025-07-06T14:56:28.599834,174972260
38692328,174974356,Removed,2025-07-06T14:56:33.132133,174974508
38692328,174974508,Removed,2025-07-06T14:56:37.574507,174974635
38692328,174974635,Removed,2025-07-06T14:56:40.684568,174974719
38692328,174974719,Removed,2025-07-06T14:56:44.660810,174974816
38692328,174974816,Removed,2025-07-06T14:56:48.178439,174974719
38693068,174976911,Removed,2025-07-06T14:56:52.521539,174977042
38693068,174977042,Removed,2025-07-06T14:56:55.603548,174977144
38693068,174977144,Removed,2025-07-06T14:56:59.333184,174977252
38693068,174977252,Removed,2025-07-06T14:57:03.064070,174977144
38695108,174984249,Removed,2025-07-06T14:57:07.416139,174984671
38695108,174984671,Removed,2025-07-06T14:57:10.780426,174984249
38696391,174988762,Removed,2025-07-06T14:57:13.887307,174988967
38696391,174988967,Removed,2025-07-06T14:57:18.481825,174989088
38696391,174989088,Removed,2025-07-06T14:57:21.904027,174989406
38696391,174989406,Removed,2025-07-06T14:57:25.215050,174989668
38696391,174989668,Removed,2025-07-06T14:57:29.190190,174989406
38696800,174990334,Removed,2025-07-06T14:57:32.732312,174990437
38696800,174990437,Removed,2025-07-06T14:57:36.281994,174990578
38696800,174990578,Removed,2025-07-06T14:57:39.486299,174990775
38696800,174990775,Removed,2025-07-06T14:57:43.738051,174990945
38696800,174990945,Removed,2025-07-06T14:57:47.746057,174991029
38696800,174991029,Removed,2025-07-06T14:57:51.029189,174990945
38697010,174991079,Removed,2025-07-06T14:57:54.681011,174991302
38697010,174991302,Removed,2025-07-06T14:57:58.698817,174991451
38697010,174991451,Removed,2025-07-06T14:58:02.555505,174991595
38697010,174991595,Removed,2025-07-06T14:58:06.264529,174991711
38697010,174991711,Removed,2025-07-06T14:58:10.502556,174991595
38697821,174993890,Removed,2025-07-06T14:58:15.292960,174994095
38697821,174994095,Removed,2025-07-06T14:58:19.076685,174994228
38697821,174994228,Removed,2025-07-06T14:58:23.311115,174994413
38697821,174994413,Removed,2025-07-06T14:58:27.874891,174994533
38697821,174994533,Removed,2025-07-06T14:58:32.446636,174994413
38698068,174994623,Removed,2025-07-06T14:58:37.657381,174994858
38698068,174994858,Removed,2025-07-06T14:58:41.230755,174995054
38698068,174995054,Removed,2025-07-06T14:58:44.962992,174994858
38699084,174997993,Removed,2025-07-06T14:58:48.178881,174998219
38699084,174998219,Removed,2025-07-06T14:58:53.346491,174997993
38699567,174999633,Removed,2025-07-06T14:58:58.673000,174999844
38699567,174999844,Removed,2025-07-06T14:59:02.146562,174999992
38699567,174999992,Removed,2025-07-06T14:59:06.310540,174999844
38702071,175007962,Removed,2025-07-06T14:59:10.937471,175008131
38702071,175008131,Removed,2025-07-06T14:59:15.469056,175007962
38709768,175033982,Removed,2025-07-06T14:59:20.356488,175034233
38709768,175034233,Removed,2025-07-06T14:59:24.472256,175034357
38709768,175034357,Removed,2025-07-06T14:59:28.399850,175034233
38710441,302820675,Removed,2025-07-06T14:59:33.220931,305131222
38710441,305131222,Removed,2025-07-06T14:59:37.391209,322063042
38710441,322063042,Removed,2025-07-06T14:59:42.651539,305131222
38714389,175048066,Removed,2025-07-06T14:59:46.730679,175048142
38714389,175048142,Removed,2025-07-06T14:59:50.349973,175048066
38720941,175071087,Removed,2025-07-06T14:59:55.170747,175071131
38720941,175071131,Removed,2025-07-06T14:59:59.045593,175071087
38721290,175072402,Removed,2025-07-06T15:00:04.161771,194958642
38721290,194958642,Removed,2025-07-06T15:00:08.035332,194958832
38721290,194958832,Removed,2025-07-06T15:00:12.701714,194959023
38721290,194959023,Removed,2025-07-06T15:00:16.669428,194958832
38721829,175074397,Removed,2025-07-06T15:00:19.999895,175074479
38721829,175074479,Removed,2025-07-06T15:00:23.227569,175074523
38721829,175074523,Removed,2025-07-06T15:00:26.843140,175074577
38721829,175074577,Removed,2025-07-06T15:00:31.394287,175074523
38722033,175075210,Removed,2025-07-06T15:00:34.839454,175075362
38722033,175075362,Removed,2025-07-06T15:00:38.874490,175075411
38722033,175075411,Removed,2025-07-06T15:00:42.871691,175075461
38722033,175075461,Removed,2025-07-06T15:00:46.453066,175075411
38722126,175075567,Removed,2025-07-06T15:00:49.509507,175075658
38722126,175075658,Removed,2025-07-06T15:00:52.807685,175075708
38722126,175075708,Removed,2025-07-06T15:00:56.471697,175075768
38722126,175075768,Removed,2025-07-06T15:01:00.187107,175075878
38722126,175075878,Removed,2025-07-06T15:01:04.462700,175075926
38722126,175075926,Removed,2025-07-06T15:01:08.393779,175075878
38722179,175075987,Removed,2025-07-06T15:01:12.102292,175076117
38722179,175076117,Removed,2025-07-06T15:01:15.808977,175076197
38722179,175076197,Removed,2025-07-06T15:01:19.292747,175075873
38722179,175075873,Removed,2025-07-06T15:01:23.412336,175076197
38722551,175077088,Removed,2025-07-06T15:01:27.177068,175077273
38722551,175077273,Removed,2025-07-06T15:01:30.710781,175077088
38722640,175077410,Removed,2025-07-06T15:01:34.352055,175077553
38722640,175077553,Removed,2025-07-06T15:01:37.827478,175077642
38722640,175077642,Removed,2025-07-06T15:01:41.411033,175077713
38722640,175077713,Removed,2025-07-06T15:01:45.557500,175077642
38722981,175078634,Removed,2025-07-06T15:01:51.015366,175078742
38722981,175078742,Removed,2025-07-06T15:01:56.359322,175078824
38722981,175078824,Removed,2025-07-06T15:02:00.050418,175078901
38722981,175078901,Removed,2025-07-06T15:02:03.701465,175078824
38724191,175082760,Removed,2025-07-06T15:02:08.507683,175082871
38724191,175082871,Removed,2025-07-06T15:02:11.748483,175082975
38724191,175082975,Removed,2025-07-06T15:02:15.956286,175083057
38724191,175083057,Removed,2025-07-06T15:02:19.891241,175082975
38724549,175083823,Removed,2025-07-06T15:02:24.525934,175083972
38724549,175083972,Removed,2025-07-06T15:02:28.253889,175084093
38724549,175084093,Removed,2025-07-06T15:02:32.216474,175084305
38724549,175084305,Removed,2025-07-06T15:02:35.679068,175084093
38724836,175084737,Removed,2025-07-06T15:02:39.895276,175084941
38724836,175084941,Removed,2025-07-06T15:02:43.985327,303080702
38724836,303080702,Removed,2025-07-06T15:02:48.072297,175084941
38725293,175086134,Removed,2025-07-06T15:02:51.708459,175086288
38725293,175086288,Removed,2025-07-06T15:02:55.459227,175086412
38725293,175086412,Removed,2025-07-06T15:02:58.931676,182277169
38725293,182277169,Removed,2025-07-06T15:03:02.342053,175086412
38727922,175093972,Removed,2025-07-06T15:03:06.828624,175094218
38727922,175094218,Removed,2025-07-06T15:03:09.962422,175094443
38727922,175094443,Removed,2025-07-06T15:03:13.323840,175094591
38727922,175094591,Removed,2025-07-06T15:03:16.671708,175094443
38728265,175095261,Removed,2025-07-06T15:03:20.453126,175095518
38728265,175095518,Removed,2025-07-06T15:03:24.371397,175095733
38728265,175095733,Removed,2025-07-06T15:03:27.341139,175095518
38729888,175099679,Removed,2025-07-06T15:03:31.734469,175099883
38729888,175099883,Removed,2025-07-06T15:03:35.566607,175099679
38735832,175116779,Removed,2025-07-06T15:03:39.813100,175117083
38735832,175117083,Removed,2025-07-06T15:03:43.385890,309322875
38735832,309322875,Removed,2025-07-06T15:03:47.067381,309322880
38735832,309322880,Removed,2025-07-06T15:03:50.966102,309322875
38736732,175126521,Removed,2025-07-06T15:03:55.822838,175126725
38736732,175126725,Removed,2025-07-06T15:03:59.105728,175126828
38736732,175126828,Removed,2025-07-06T15:04:02.970836,175126947
38736732,175126947,Removed,2025-07-06T15:04:07.855850,175126828
38739939,175128762,Removed,2025-07-06T15:04:11.228635,175129040
38739939,175129040,Removed,2025-07-06T15:04:14.670519,175128762
38744395,175140817,Removed,2025-07-06T15:04:17.829266,175141069
38744395,175141069,Removed,2025-07-06T15:04:22.206236,175141241
38744395,175141241,Removed,2025-07-06T15:04:26.708082,175141363
38744395,175141363,Removed,2025-07-06T15:04:31.585548,175141241
38753214,175165835,Removed,2025-07-06T15:04:36.582661,175165862
38753214,175165862,Removed,2025-07-06T15:04:40.325975,175165887
38753214,175165887,Removed,2025-07-06T15:04:43.823317,175165915
38753214,175165915,Removed,2025-07-06T15:04:46.942903,175165887
38757474,175180285,Removed,2025-07-06T15:04:51.421341,175180600
38757474,175180600,Removed,2025-07-06T15:04:55.104413,175180667
38757474,175180667,Removed,2025-07-06T15:04:58.881061,175180739
38757474,175180739,Removed,2025-07-06T15:05:04.133376,175180667
38757704,175181288,Removed,2025-07-06T15:05:08.288682,175181560
38757704,175181560,Removed,2025-07-06T15:05:12.106144,175181288
38767798,175214180,Removed,2025-07-06T15:05:16.037949,175214289
38767798,175214289,Removed,2025-07-06T15:05:19.058581,175214377
38767798,175214377,Removed,2025-07-06T15:05:22.419678,175214289
38767831,175214560,Removed,2025-07-06T15:05:25.905835,175214765
38767831,175214765,Removed,2025-07-06T15:05:29.108211,175214899
38767831,175214899,Removed,2025-07-06T15:05:32.685484,175215026
38767831,175215026,Removed,2025-07-06T15:05:36.732136,175214899
38768026,175215089,Removed,2025-07-06T15:05:41.217281,175215196
38768026,175215196,Removed,2025-07-06T15:05:45.009605,175215303
38768026,175215303,Removed,2025-07-06T15:05:48.122081,175214954
38768026,175214954,Removed,2025-07-06T15:05:51.519884,175215303
38768499,175216498,Removed,2025-07-06T15:05:55.408192,175216667
38768499,175216667,Removed,2025-07-06T15:05:58.904582,175216887
38768499,175216887,Removed,2025-07-06T15:06:02.764807,175216988
38768499,175216988,Removed,2025-07-06T15:06:06.056156,175217103
38768499,175217103,Removed,2025-07-06T15:06:09.019860,175216988
38779567,175252358,Removed,2025-07-06T15:06:12.341395,175252595
38779567,175252595,Removed,2025-07-06T15:06:16.371459,175252730
38779567,175252730,Removed,2025-07-06T15:06:19.372784,175252595
38781158,175257316,Removed,2025-07-06T15:06:22.735844,175257492
38781158,175257492,Removed,2025-07-06T15:06:28.082568,175257599
38781158,175257599,Removed,2025-07-06T15:06:31.687622,175257492
38781237,175257632,Removed,2025-07-06T15:06:35.219969,175257754
38781237,175257754,Removed,2025-07-06T15:06:38.986350,175257799
38781237,175257799,Removed,2025-07-06T15:06:42.667338,175257754
38789343,175281401,Removed,2025-07-06T15:06:47.096110,200371745
38789343,200371745,Removed,2025-07-06T15:06:50.006901,200371204
38789343,200371204,Removed,2025-07-06T15:06:53.137640,200371745
38790201,175285967,Removed,2025-07-06T15:06:56.818214,175286283
38790201,175286283,Removed,2025-07-06T15:07:00.913541,175285967
38803552,175328324,Removed,2025-07-06T15:07:05.019420,175328476
38803552,175328476,Removed,2025-07-06T15:07:08.348610,197941988
38803552,197941988,Removed,2025-07-06T15:07:12.123862,197940416
38803552,197940416,Removed,2025-07-06T15:07:16.307298,197940790
38803552,197940790,Removed,2025-07-06T15:07:20.035070,197940416
38803617,175328478,Removed,2025-07-06T15:07:23.479022,192743930
38803617,192743930,Removed,2025-07-06T15:07:27.002405,192744028
38803617,192744028,Removed,2025-07-06T15:07:30.200059,192744132
38803617,192744132,Removed,2025-07-06T15:07:33.371824,192744228
38803617,192744228,Removed,2025-07-06T15:07:40.765169,192744362
38803617,192744362,Removed,2025-07-06T15:07:46.486379,192744676
38803617,192744676,Removed,2025-07-06T15:07:49.302299,192744362
38803736,175329171,Removed,2025-07-06T15:07:55.365555,175329246
38803736,175329246,Removed,2025-07-06T15:07:59.185536,175329171
38804340,175330594,Removed,2025-07-06T15:08:04.353790,175330730
38804340,175330730,Removed,2025-07-06T15:08:10.102217,175330828
38804340,175330828,Removed,2025-07-06T15:08:13.786487,175330991
38804340,175330991,Removed,2025-07-06T15:08:17.371940,175331136
38804340,175331136,Removed,2025-07-06T15:08:21.703478,175330991
38809860,175348243,Removed,2025-07-06T15:08:24.839627,175348521
38809860,175348521,Removed,2025-07-06T15:08:28.643019,175348596
38809860,175348596,Removed,2025-07-06T15:08:32.333565,175348879
38809860,175348879,Removed,2025-07-06T15:08:36.433181,175349015
38809860,175349015,Removed,2025-07-06T15:08:40.020599,175348879
38811188,175352905,Removed,2025-07-06T15:08:44.101570,194947684
38811188,194947684,Removed,2025-07-06T15:08:48.176191,194947726
38811188,194947726,Removed,2025-07-06T15:08:51.494939,194947754
38811188,194947754,Removed,2025-07-06T15:08:54.951211,194947726
38813285,175359272,Removed,2025-07-06T15:08:58.777991,175359371
38813285,175359371,Removed,2025-07-06T15:09:03.941263,197940492
38813285,197940492,Removed,2025-07-06T15:09:07.532804,197940057
38813285,197940057,Removed,2025-07-06T15:09:10.866500,197940301
38813285,197940301,Removed,2025-07-06T15:09:14.585218,197940057
38825953,175399163,Removed,2025-07-06T15:09:18.114590,175399379
38825953,175399379,Removed,2025-07-06T15:09:23.144517,175399494
38825953,175399494,Removed,2025-07-06T15:09:26.666799,175399595
38825953,175399595,Removed,2025-07-06T15:09:29.653060,175399494
38826060,175399667,Removed,2025-07-06T15:09:33.080675,175399910
38826060,175399910,Removed,2025-07-06T15:09:37.910669,175399997
38826060,175399997,Removed,2025-07-06T15:09:42.458262,175400085
38826060,175400085,Removed,2025-07-06T15:09:46.432953,175400166
38826060,175400166,Removed,2025-07-06T15:09:49.963448,175400281
38826060,175400281,Removed,2025-07-06T15:09:54.278398,175400166
38838131,175435937,Removed,2025-07-06T15:09:58.315400,199581407
38838131,199581407,Removed,2025-07-06T15:10:02.699567,199581409
38838131,199581409,Removed,2025-07-06T15:10:05.985085,199581411
38838131,199581411,Removed,2025-07-06T15:10:10.542891,199581415
38838131,199581415,Removed,2025-07-06T15:10:14.041346,199581417
38838131,199581417,Removed,2025-07-06T15:10:18.047291,199581415
38838524,200512555,Removed,2025-07-06T15:10:24.022674,200512557
38838524,200512557,Removed,2025-07-06T15:10:27.609653,309506787
38838524,309506787,Removed,2025-07-06T15:10:31.496826,306011416
38838524,306011416,Removed,2025-07-06T15:10:37.138197,309506787
38847534,178545284,Removed,2025-07-06T15:10:43.244351,178545312
38847534,178545312,Removed,2025-07-06T15:10:47.070127,178545284
38852752,175478206,Removed,2025-07-06T15:10:51.750259,175478567
38852752,175478567,Removed,2025-07-06T15:10:56.746513,175478802
38852752,175478802,Removed,2025-07-06T15:11:00.282228,175478953
38852752,175478953,Removed,2025-07-06T15:11:04.348208,175479048
38852752,175479048,Removed,2025-07-06T15:11:07.464732,175479220
38852752,175479220,Removed,2025-07-06T15:11:12.072067,175479451
38852752,175479451,Removed,2025-07-06T15:11:16.099556,175479220
38862393,175507802,Removed,2025-07-06T15:11:21.273390,175507920
38862393,175507920,Removed,2025-07-06T15:11:24.814175,175507996
38862393,175507996,Removed,2025-07-06T15:11:29.905134,175508132
38862393,175508132,Removed,2025-07-06T15:11:34.607480,175507996
38862940,175509211,Removed,2025-07-06T15:11:38.809028,175509409
38862940,175509409,Removed,2025-07-06T15:11:42.429526,175509664
38862940,175509664,Removed,2025-07-06T15:11:45.768911,175509829
38862940,175509829,Removed,2025-07-06T15:11:49.698132,175509959
38862940,175509959,Removed,2025-07-06T15:11:52.714492,175509829
38863568,175510901,Removed,2025-07-06T15:11:57.270639,175511116
38863568,175511116,Removed,2025-07-06T15:12:01.378448,175511355
38863568,175511355,Removed,2025-07-06T15:12:05.250855,175511530
38863568,175511530,Removed,2025-07-06T15:12:09.396320,175511355
38863578,175510938,Removed,2025-07-06T15:12:13.497072,302291969
38863578,302291969,Removed,2025-07-06T15:12:16.932121,175510938
38864039,175512323,Removed,2025-07-06T15:12:21.243137,181816456
38864039,181816456,Removed,2025-07-06T15:12:26.290022,181816598
38864039,181816598,Removed,2025-07-06T15:12:31.454012,181816745
38864039,181816745,Removed,2025-07-06T15:12:35.636410,181816857
38864039,181816857,Removed,2025-07-06T15:12:39.591138,181816745
38865087,175515419,Removed,2025-07-06T15:12:43.261697,175515869
38865087,175515869,Removed,2025-07-06T15:12:47.099581,175516037
38865087,175516037,Removed,2025-07-06T15:12:50.943706,175515869
38865816,175517668,Removed,2025-07-06T15:12:55.473771,183170266
38865816,183170266,Removed,2025-07-06T15:12:59.263737,183170561
38865816,183170561,Removed,2025-07-06T15:13:02.523897,183222010
38865816,183222010,Removed,2025-07-06T15:13:07.227496,183222553
38865816,183222553,Removed,2025-07-06T15:13:11.140311,189112416
38865816,189112416,Removed,2025-07-06T15:13:14.982324,189112527
38865816,189112527,Removed,2025-07-06T15:13:19.441932,189112663
38865816,189112663,Removed,2025-07-06T15:13:23.151253,189112527
38866106,175518653,Removed,2025-07-06T15:13:28.904721,175521667
38866106,175521667,Removed,2025-07-06T15:13:33.553860,175521774
38866106,175521774,Removed,2025-07-06T15:13:37.389333,175522147
38866106,175522147,Removed,2025-07-06T15:13:40.921620,175522221
38866106,175522221,Removed,2025-07-06T15:13:44.281149,175522323
38866106,175522323,Removed,2025-07-06T15:13:47.743117,175522221
38867768,175523097,Removed,2025-07-06T15:13:51.171055,175523279
38867768,175523279,Removed,2025-07-06T15:13:55.943265,175523858
38867768,175523858,Removed,2025-07-06T15:13:59.111180,175523430
38867768,175523430,Removed,2025-07-06T15:14:02.211417,175523512
38867768,175523512,Removed,2025-07-06T15:14:07.216748,175523563
38867768,175523563,Removed,2025-07-06T15:14:10.825307,175523640
38867768,175523640,Removed,2025-07-06T15:14:14.228040,175523974
38867768,175523974,Removed,2025-07-06T15:14:18.657781,175523640
38868136,175523842,Removed,2025-07-06T15:14:22.056309,175523941
38868136,175523941,Removed,2025-07-06T15:14:26.087736,175524537
38868136,175524537,Removed,2025-07-06T15:14:30.753347,175524198
38868136,175524198,Removed,2025-07-06T15:14:34.284211,175524280
38868136,175524280,Removed,2025-07-06T15:14:38.505785,175524429
38868136,175524429,Removed,2025-07-06T15:14:42.758323,175524280
38868634,175525307,Removed,2025-07-06T15:14:46.927355,175525370
38868634,175525370,Removed,2025-07-06T15:14:51.212880,175525439
38868634,175525439,Removed,2025-07-06T15:14:56.351834,175525370
38869197,175526723,Removed,2025-07-06T15:15:00.192044,195227032
38869197,195227032,Removed,2025-07-06T15:15:04.219211,195227062
38869197,195227062,Removed,2025-07-06T15:15:08.056194,195227087
38869197,195227087,Removed,2025-07-06T15:15:37.961727,195227158
38869197,195227158,Removed,2025-07-06T15:15:44.105566,195227197
38869197,195227197,Removed,2025-07-06T15:15:48.033828,195227251
38869197,195227251,Removed,2025-07-06T15:15:51.626840,195227197
38869457,175527413,Removed,2025-07-06T15:15:56.028667,175527538
38869457,175527538,Removed,2025-07-06T15:15:59.835080,175527633
38869457,175527633,Removed,2025-07-06T15:16:03.563550,175527718
38869457,175527718,Removed,2025-07-06T15:16:07.456232,175527811
38869457,175527811,Removed,2025-07-06T15:16:10.907436,175527718
38869801,175528215,Removed,2025-07-06T15:16:14.908614,175528279
38869801,175528279,Removed,2025-07-06T15:16:18.044045,175528369
38869801,175528369,Removed,2025-07-06T15:16:21.273260,175528464
38869801,175528464,Removed,2025-07-06T15:16:25.201066,175528563
38869801,175528563,Removed,2025-07-06T15:16:29.006363,175528464
38889050,175583318,Removed,2025-07-06T15:16:33.471810,200370621
38889050,200370621,Removed,2025-07-06T15:16:37.210973,200334131
38889050,200334131,Removed,2025-07-06T15:16:41.260287,200333559
38889050,200333559,Removed,2025-07-06T15:16:45.689614,200334131
38890159,175586208,Removed,2025-07-06T15:16:50.202330,175586264
38890159,175586264,Removed,2025-07-06T15:16:55.091376,175585792
38890159,175585792,Removed,2025-07-06T15:16:58.637340,175587011
38890159,175587011,Removed,2025-07-06T15:17:02.207548,175585792
38890418,175586451,Removed,2025-07-06T15:17:06.385050,175586721
38890418,175586721,Removed,2025-07-06T15:17:10.422013,175586451
38892099,175591029,Removed,2025-07-06T15:17:13.705465,175591358
38892099,175591358,Removed,2025-07-06T15:17:19.558274,175591545
38892099,175591545,Removed,2025-07-06T15:17:23.038462,175591675
38892099,175591675,Removed,2025-07-06T15:17:26.120317,175591545
38893124,175593456,Removed,2025-07-06T15:17:29.114634,200489698
38893124,200489698,Removed,2025-07-06T15:17:32.263529,200489699
38893124,200489699,Removed,2025-07-06T15:17:35.402374,200489705
38893124,200489705,Removed,2025-07-06T15:17:40.669747,200489699
38893511,175594516,Removed,2025-07-06T15:17:44.042331,175595333
38893511,175595333,Removed,2025-07-06T15:17:47.587360,200269436
38893511,200269436,Removed,2025-07-06T15:17:51.203122,200269723
38893511,200269723,Removed,2025-07-06T15:17:54.615355,200269436
38904219,175621788,Removed,2025-07-06T15:17:57.574646,175622022
38904219,175622022,Removed,2025-07-06T15:18:00.491333,175621788
38904267,198670751,Removed,2025-07-06T15:18:04.089612,198670758
38904267,198670758,Removed,2025-07-06T15:18:07.331130,198670762
38904267,198670762,Removed,2025-07-06T15:18:10.404119,198670765
38904267,198670765,Removed,2025-07-06T15:18:13.528929,315334386
38904267,315334386,Removed,2025-07-06T15:18:16.803445,315334389
38904267,315334389,Removed,2025-07-06T15:18:19.594548,315334386
38904531,175622352,Removed,2025-07-06T15:18:22.588792,195970344
38904531,195970344,Removed,2025-07-06T15:18:25.996674,195970395
38904531,195970395,Removed,2025-07-06T15:18:29.128998,195970444
38904531,195970444,Removed,2025-07-06T15:18:32.322446,195970395
38904580,175622652,Removed,2025-07-06T15:18:35.272343,175622718
38904580,175622718,Removed,2025-07-06T15:18:38.489423,175622652
38904905,196685749,Removed,2025-07-06T15:18:41.369633,196685753
38904905,196685753,Removed,2025-07-06T15:18:44.639054,196685749
38917688,175657391,Removed,2025-07-06T15:18:49.096797,175657437
38917688,175657437,Removed,2025-07-06T15:18:53.169087,175657484
38917688,175657484,Removed,2025-07-06T15:18:56.741881,175657437
38921746,196888360,Removed,2025-07-06T15:19:00.587035,196888424
38921746,196888424,Removed,2025-07-06T15:19:03.405547,194843835
38921746,194843835,Removed,2025-07-06T15:19:06.921314,196888424
38926736,175681502,Removed,2025-07-06T15:19:12.000749,175681682
38926736,175681682,Removed,2025-07-06T15:19:17.845802,175681808
38926736,175681808,Removed,2025-07-06T15:19:22.208128,175681953
38926736,175681953,Removed,2025-07-06T15:19:27.776214,175682313
38926736,175682313,Removed,2025-07-06T15:19:33.980980,175681953
38926812,175681971,Removed,2025-07-06T15:19:39.121132,175682258
38926812,175682258,Removed,2025-07-06T15:19:42.659340,175681748
38926812,175681748,Removed,2025-07-06T15:19:46.029141,301134553
38926812,301134553,Removed,2025-07-06T15:19:50.046946,175681748
38927156,175682874,Removed,2025-07-06T15:19:53.485037,175683102
38927156,175683102,Removed,2025-07-06T15:19:56.703764,175683302
38927156,175683302,Removed,2025-07-06T15:19:59.590659,175683102
38928901,175688018,Removed,2025-07-06T15:20:03.252577,175688182
38928901,175688182,Removed,2025-07-06T15:20:07.482489,175688310
38928901,175688310,Removed,2025-07-06T15:20:11.334330,175692917
38928901,175692917,Removed,2025-07-06T15:20:14.843831,175695028
38928901,175695028,Removed,2025-07-06T15:20:17.954541,175695172
38928901,175695172,Removed,2025-07-06T15:20:21.187085,175695028
38929686,175689859,Removed,2025-07-06T15:20:24.533311,175690054
38929686,175690054,Removed,2025-07-06T15:20:28.093974,175690304
38929686,175690304,Removed,2025-07-06T15:20:31.428158,175690495
38929686,175690495,Removed,2025-07-06T15:20:34.618698,175690693
38929686,175690693,Removed,2025-07-06T15:20:37.832730,175690495
38930025,175690698,Removed,2025-07-06T15:20:40.718161,175690838
38930025,175690838,Removed,2025-07-06T15:20:43.501085,175690917
38930025,175690917,Removed,2025-07-06T15:20:46.488574,175691054
38930025,175691054,Removed,2025-07-06T15:20:49.883429,175691384
38930025,175691384,Removed,2025-07-06T15:20:52.968472,175691054
38930538,175691945,Removed,2025-07-06T15:20:56.965987,175692055
38930538,175692055,Removed,2025-07-06T15:21:00.203251,175692223
38930538,175692223,Removed,2025-07-06T15:21:03.582433,175692303
38930538,175692303,Removed,2025-07-06T15:21:07.157763,175692223
38930726,175692364,Removed,2025-07-06T15:21:10.479525,175692389
38930726,175692389,Removed,2025-07-06T15:21:13.667087,175692491
38930726,175692491,Removed,2025-07-06T15:21:17.174187,175916971
38930726,175916971,Removed,2025-07-06T15:21:20.338656,175917074
38930726,175917074,Removed,2025-07-06T15:21:23.787737,175917121
38930726,175917121,Removed,2025-07-06T15:21:27.061587,175917074
38931409,175693604,Removed,2025-07-06T15:21:30.556909,175693629
38931409,175693629,Removed,2025-07-06T15:21:34.450246,175693650
38931409,175693650,Removed,2025-07-06T15:21:38.048248,175693629
38932100,175695481,Removed,2025-07-06T15:21:42.170917,175695534
38932100,175695534,Removed,2025-07-06T15:21:46.141138,175695586
38932100,175695586,Removed,2025-07-06T15:21:49.169685,175695632
38932100,175695632,Removed,2025-07-06T15:21:52.053556,175695586
38932309,175696448,Removed,2025-07-06T15:21:54.971891,175696961
38932309,175696961,Removed,2025-07-06T15:21:58.520912,175697115
38932309,175697115,Removed,2025-07-06T15:22:02.056666,175696961
38932535,175697126,Removed,2025-07-06T15:22:05.250709,175697243
38932535,175697243,Removed,2025-07-06T15:22:08.085756,175697453
38932535,175697453,Removed,2025-07-06T15:22:11.413590,175697629
38932535,175697629,Removed,2025-07-06T15:22:14.610841,175697453
38937782,175709624,Removed,2025-07-06T15:22:17.977538,175709953
38937782,175709953,Removed,2025-07-06T15:22:22.132126,175710453
38937782,175710453,Removed,2025-07-06T15:22:25.650754,175709953
38953012,175749385,Removed,2025-07-06T15:22:29.155970,175749414
38953012,175749414,Removed,2025-07-06T15:22:32.534466,175749443
38953012,175749443,Removed,2025-07-06T15:22:35.449897,175749472
38953012,175749472,Removed,2025-07-06T15:22:38.630513,175749443
38953527,175751047,Removed,2025-07-06T15:22:42.520804,175751092
38953527,175751092,Removed,2025-07-06T15:22:48.064691,175751126
38953527,175751126,Removed,2025-07-06T15:22:51.794019,175751092
38954403,175752810,Removed,2025-07-06T15:22:55.800207,175752909
38954403,175752909,Removed,2025-07-06T15:22:59.317806,175752810
38955233,175754594,Removed,2025-07-06T15:23:37.065336,175754628
38955233,175754628,Removed,2025-07-06T15:23:40.619265,175754678
38955233,175754678,Removed,2025-07-06T15:23:43.957121,175754719
38955233,175754719,Removed,2025-07-06T15:23:47.514287,175754755
38955233,175754755,Removed,2025-07-06T15:23:51.489183,175754719
38955669,175755326,Removed,2025-07-06T15:23:55.421498,175755368
38955669,175755368,Removed,2025-07-06T15:23:58.402831,175755417
38955669,175755417,Removed,2025-07-06T15:24:02.596137,175755368
38955807,175755683,Removed,2025-07-06T15:24:07.698407,175755723
38955807,175755723,Removed,2025-07-06T15:24:11.590907,175755773
38955807,175755773,Removed,2025-07-06T15:24:15.604869,175755812
38955807,175755812,Removed,2025-07-06T15:24:18.731981,175755854
38955807,175755854,Removed,2025-07-06T15:24:22.373598,175755812
38956007,175756127,Removed,2025-07-06T15:24:25.811227,175756225
38956007,175756225,Removed,2025-07-06T15:24:29.074541,175756312
38956007,175756312,Removed,2025-07-06T15:24:32.133811,175756378
38956007,175756378,Removed,2025-07-06T15:24:35.483434,175756452
38956007,175756452,Removed,2025-07-06T15:24:38.777739,175756573
38956007,175756573,Removed,2025-07-06T15:24:41.946348,175756452
38956367,175756897,Removed,2025-07-06T15:24:45.647722,175756944
38956367,175756944,Removed,2025-07-06T15:24:48.679868,175757019
38956367,175757019,Removed,2025-07-06T15:24:52.597673,175757063
38956367,175757063,Removed,2025-07-06T15:24:55.961847,175757133
38956367,175757133,Removed,2025-07-06T15:24:59.370073,175757184
38956367,175757184,Removed,2025-07-06T15:25:04.277056,175757133
38956411,175757238,Removed,2025-07-06T15:25:08.007951,175757432
38956411,175757432,Removed,2025-07-06T15:25:11.317118,175757635
38956411,175757635,Removed,2025-07-06T15:25:14.528877,175757115
38956411,175757115,Removed,2025-07-06T15:25:17.699372,175757752
38956411,175757752,Removed,2025-07-06T15:25:20.864062,175758057
38956411,175758057,Removed,2025-07-06T15:25:24.379440,175757752
38956597,175757863,Removed,2025-07-06T15:25:27.574808,175758030
38956597,175758030,Removed,2025-07-06T15:25:30.551790,175757737
38956597,175757737,Removed,2025-07-06T15:25:33.720956,175757508
38956597,175757508,Removed,2025-07-06T15:25:36.780273,175757634
38956597,175757634,Removed,2025-07-06T15:25:39.515424,175757422
38956597,175757422,Removed,2025-07-06T15:25:43.447727,175757634
38956746,175757696,Removed,2025-07-06T15:25:47.028086,175757872
38956746,175757872,Removed,2025-07-06T15:25:50.726534,175757965
38956746,175757965,Removed,2025-07-06T15:25:55.242974,175757799
38956746,175757799,Removed,2025-07-06T15:25:58.688260,175758067
38956746,175758067,Removed,2025-07-06T15:26:01.661216,175758197
38956746,175758197,Removed,2025-07-06T15:26:04.512039,175758067
38957074,175758558,Removed,2025-07-06T15:26:07.894006,175758686
38957074,175758686,Removed,2025-07-06T15:26:11.093298,175758739
38957074,175758739,Removed,2025-07-06T15:26:14.130929,175758839
38957074,175758839,Removed,2025-07-06T15:26:17.339281,175758898
38957074,175758898,Removed,2025-07-06T15:26:20.411867,175758962
38957074,175758962,Removed,2025-07-06T15:26:23.421481,175758898
38957085,175758861,Removed,2025-07-06T15:26:26.456681,175758777
38957085,175758777,Removed,2025-07-06T15:26:29.451137,175758709
38957085,175758709,Removed,2025-07-06T15:26:33.325931,175758922
38957085,175758922,Removed,2025-07-06T15:26:36.903085,175758709
38957097,175758904,Removed,2025-07-06T15:26:40.422694,175758666
38957097,175758666,Removed,2025-07-06T15:26:44.011676,175759020
38957097,175759020,Removed,2025-07-06T15:26:47.293373,175759803
38957097,175759803,Removed,2025-07-06T15:26:50.510502,175759948
38957097,175759948,Removed,2025-07-06T15:26:55.022485,175759803
38957929,175760581,Removed,2025-07-06T15:26:59.196714,175760728
38957929,175760728,Removed,2025-07-06T15:27:03.240195,175760896
38957929,175760896,Removed,2025-07-06T15:27:06.770389,175761018
38957929,175761018,Removed,2025-07-06T15:27:09.914768,175761139
38957929,175761139,Removed,2025-07-06T15:27:14.406706,175761361
38957929,175761361,Removed,2025-07-06T15:27:17.535290,175761139
38958405,175762225,Removed,2025-07-06T15:27:20.561208,175762278
38958405,175762278,Removed,2025-07-06T15:27:23.889642,175762318
38958405,175762318,Removed,2025-07-06T15:27:27.394662,175762405
38958405,175762405,Removed,2025-07-06T15:27:31.818619,175762318
38958441,175761819,Removed,2025-07-06T15:27:35.564820,175761945
38958441,175761945,Removed,2025-07-06T15:27:38.958568,175762073
38958441,175762073,Removed,2025-07-06T15:27:42.027768,175761945
38958686,175762430,Removed,2025-07-06T15:27:45.289782,175762564
38958686,175762564,Removed,2025-07-06T15:27:48.592288,175762807
38958686,175762807,Removed,2025-07-06T15:27:51.968435,175762564
38959074,175763284,Removed,2025-07-06T15:27:55.471476,175763484
38959074,175763484,Removed,2025-07-06T15:27:58.518934,175763673
38959074,175763673,Removed,2025-07-06T15:28:02.206235,175763484
